<?xml version="1.0" encoding="utf-8"?>
	<!-- $Id: languages.xml 21505 2011-06-10 07:21:09Z infograf768 $ -->
<extension type="library" version="1.7" method="upgrade">
	<name>Joomla file type PDF</name>
	<libraryname>joomla</libraryname>
	<author>P.Kohl - VIrtuemart Team</author>
	<creationDate>2012</creationDate>
	<copyright>(c) 2004 - 2012 VirtueMart Team. All rights reserved.</copyright>
	<license>GNU LESSER GENERAL PUBLIC LICENSE Version 2</license>
	<authorUrl>https://virtuemart.net</authorUrl>
	<version>1.7</version>
	<description>pdf file type addon</description>
    <files>
        <folder>document</folder>
    </files>
</extension>
 